"","period","revenue"
"1","Q1",2492.28822069817
"2","Q2",2528.22122828121
"3","Q3",2536.81273770769
"4","Q4",2398.14007472166
"5","Q1",2344.47121648814
"6","Q2",2420.55890834339
"7","Q3",2348.64858325538
"8","Q4",2538.63706852034
"9","Q1",2422.40086019663
"10","Q2",2497.79208836456
"11","Q3",2640.29249871167
"12","Q4",2564.87564280367
"13","Q1",2461.24082886183
"14","Q2",2615.66601308073
"15","Q3",2480.15749831381
"16","Q4",2697.92948594319
